original,lemma,tag,polarity,joy,fear,sadness,angry,surprise,disgust
"['horrible', 'article', 'complotiste', 'figaro', 'a', 'inspiré', 'publié', 'juste', 'après', 'attaque', 'champs', 'élysées']","['horrible', 'article', 'complotiste', 'figaro', 'avoir', 'inspirer', 'publier', 'juste', 'après', 'attaque', 'champ', 'élysée']","['ADJ', 'NOM', 'ADJ', 'NOM', 'VER:pres', 'VER:pper', 'VER:pper', 'ADJ', 'PRP', 'NOM', 'NOM', 'ADJ']",positive,0.0,0.16666666666666666,0.0,0.0,0.16666666666666666,0.16666666666666666
"['complotistes', 'anticomplotistes', 'sortie', 'nient', 'assassins', 'font', 'coup', 'moment', 'fait', 'parler', 'propos', 'ineptes', 'moins', 'couvrir']","['complotistes', 'anticomplotistes', 'sortie', 'nier', 'assassin', 'faire', 'coup', 'moment', 'faire', 'parler', 'propos', 'inepte', 'moins', 'couvrir']","['NOM', 'ADJ', 'NOM', 'VER:pres', 'ADJ', 'VER:pres', 'NOM', 'NOM', 'VER:pres', 'VER:infi', 'NOM', 'ADJ', 'ADV', 'VER:infi']",positive,0.0,0.2727272727272727,0.09090909090909091,0.36363636363636365,0.09090909090909091,0.18181818181818182
"['véran', 'efface', 'pétain', 'grand', 'militaire', 'maurras', 'brillant', 'écrivain', 'précise', 'macron', 'dire', 'ps']","['véran', 'effacer', 'pétain', 'grand', 'militaire', 'maurras', 'briller', 'écrivain', 'préciser', 'macron', 'dire', 'ps']","['NOM', 'VER:pres', 'NOM', 'ADJ', 'ADJ', 'NOM', 'VER:ppre', 'NOM', 'VER:pres', 'NOM', 'VER:infi', 'NOM']",positive,0.0,0.4,0.2,0.4,0.0,0.2
"['biden', 'point', 'appui', 'questionspol']","['biden', 'point', 'appui', 'questionspol']","['NOM', 'ADV', 'NOM', 'NOM']",positive,0.0,0.0,0.0,0.0,0.0,0.0
"['a', 'vaste', 'opération', 'dédiabolisation', 'mme', 'pen', 'banalisation', 'idées', 'matin', 'soir', 'médias', 'si', 'parlait', 'ouvriers', 'bâtiment', 'meurent', 'travail', 'gens', 'diraient', 'peut', 'être', 'a', 'problème', 'social', 'france', 'questionspol']","['avoir', 'vaste', 'opération', 'dédiabolisation', 'madame', 'pen', 'banalisation', 'idée', 'matin', 'soir', 'médias', 'si', 'parler', 'ouvrier', 'bâtiment', 'mourir', 'travail', 'gens', 'dire', 'pouvoir', 'être', 'avoir', 'problème', 'social', 'france', 'questionspol']","['VER:pres', 'ADJ', 'NOM', 'NOM', 'NOM', 'ADJ', 'NOM', 'NOM', 'NOM', 'NOM', 'NOM', 'ADV', 'VER:impf', 'ADJ', 'NOM', 'VER:pres', 'NOM', 'NOM', 'VER:cond', 'VER:pres', 'VER:infi', 'VER:pres', 'NOM', 'ADJ', 'NOM', 'ADJ']",positive,0.0,0.125,0.125,0.0625,0.125,0.125
"['faut', 'convergence', 'forces', 'politiques', 'sociales', 'pourquoi', 'organisé', 'marche', 'libertés', 'organisations', 'rassemblées', 'plus', 'manifestations', 'déjà', 'prévues', 'questionspol']","['falloir', 'convergence', 'force|forces', 'politique', 'social', 'pourquoi', 'organiser', 'marche', 'liberté', 'organisation', 'rassembler', 'plus', 'manifestation', 'déjà', 'prévu', 'questionspol']","['VER:pres', 'NOM', 'NOM', 'ADJ', 'ADJ', 'ADV', 'VER:pper', 'NOM', 'NOM', 'NOM', 'VER:pper', 'ADV', 'NOM', 'ADV', 'ADJ', 'NOM']",positive,0.0,0.0,0.0,0.1111111111111111,0.1111111111111111,0.1111111111111111
"['faut', 'travailler', 'améliorer', 'technique', 'policière', 'sujet', 'prendre', 'justice', 'seuls', 'insoumis', 'proposer', 'plan', 'redéployer', 'moyens', 'police', 'autre', 'manière', 'questionspol']","['falloir', 'travailler', 'améliorer', 'technique', 'policier', 'sujet', 'prendre', 'justice', 'seul', 'insoumis', 'proposer', 'plan', 'redéployer', 'moyen', 'policer', 'autre', 'manière', 'questionspol']","['VER:pres', 'VER:infi', 'VER:infi', 'ADJ', 'NOM', 'ADJ', 'VER:infi', 'NOM', 'ADJ', 'ADJ', 'VER:infi', 'NOM', 'VER:infi', 'NOM', 'VER:pres', 'ADJ', 'NOM', 'ADJ']",positive,0.0,0.18181818181818182,0.18181818181818182,0.2727272727272727,0.09090909090909091,0.2727272727272727
"['oui', 'parlerons', 'thèmes', 'sécurité', 'sujet', 'central', 'élection', 'sujet', 'central', 'va', 'faire', 'face', 'aggravation', 'brutale', 'crise', 'écologique', 'va', 'faire', 'rapport', 'catastrophe', 'sociale', 'avance', 'questionspol']","['oui', 'parler', 'thème', 'sécurité', 'sujet', 'central', 'élection', 'sujet', 'central', 'aller', 'faire', 'face', 'aggravation', 'brutal', 'crise', 'écologique', 'aller', 'faire', 'rapport', 'catastropher', 'social', 'avance', 'questionspol']","['INT', 'VER:futu', 'NOM', 'NOM', 'ADJ', 'ADJ', 'NOM', 'ADJ', 'ADJ', 'VER:pres', 'VER:infi', 'NOM', 'NOM', 'ADJ', 'NOM', 'ADJ', 'VER:pres', 'VER:infi', 'NOM', 'VER:pres', 'ADJ', 'NOM', 'ADJ']",positive,0.0,0.2,0.2,0.25,0.1,0.2
"['adversaires', 'autres', 'candidats', 'gauche', 'crédités', 'moitié', 'moins', 'voix', 'sondages', 'adversaires', 'macronisme', 'extrême', 'droite', 'deux', 'variants', 'obsession', 'identitaire', 'financière', 'questionspol']","['adversaire', 'autre', 'candidat', 'gauche', 'créditer', 'moitié', 'moins', 'voix', 'sondage', 'adversaire', 'macronisme', 'extrême', 'droit', 'deux', 'variant', 'obsession', 'identitaire', 'financier', 'questionspol']","['NOM', 'ADJ', 'NOM', 'ADJ', 'VER:pper', 'NOM', 'ADV', 'NOM', 'NOM', 'NOM', 'NOM', 'ADJ', 'ADJ', 'NUM', 'ADJ', 'NOM', 'ADJ', 'ADJ', 'NOM']",positive,0.0,0.36363636363636365,0.09090909090909091,0.2727272727272727,0.0,0.2727272727272727
"['franceinsoumise', 'clem_autain', 'dit', 'voix', 'extrême', 'droite', 'fait', 'vote', 'plateforme', 'franceinsoumise', 'proposait', 'votes', 'macron', 'blanc', 'abstention', 'prochaine', 'fois', 'situation', 'représentera', 'car', 'second', 'tour', 'questionspol']","['franceinsoumise', 'clem_autain', 'dire', 'voix', 'extrême', 'droit', 'faire', 'vote', 'plateforme', 'franceinsoumise', 'proposer', 'vote', 'macron', 'blanc', 'abstention', 'prochain', 'fois', 'situation', 'représenter', 'car', 'second', 'tour', 'questionspol']","['ADJ', 'NOM', 'VER:pres', 'NOM', 'ADJ', 'ADJ', 'VER:pres', 'NOM', 'ADJ', 'ADJ', 'VER:impf', 'NOM', 'NOM', 'ADJ', 'NOM', 'ADJ', 'NOM', 'NOM', 'VER:futu', 'KON', 'NUM', 'NOM', 'ADJ']",positive,0.0,0.07142857142857142,0.21428571428571427,0.21428571428571427,0.2857142857142857,0.07142857142857142
"['franceinsoumise', 'clem_autain', 'parle', 'dit', 'monsieur', 'macron', 'fonctionne', 'comme', 'passerelle', 'extrême', 'droite', 'aimé', 'plus', 'réactions', 'médiatiques', 'quand', 'monsieur', 'macron', 'a', 'dit', 'pétain', 'brillant', 'stratège', 'alors', 'antisémite', 'notoire', 'questionspol']","['franceinsoumise', 'clem_autain', 'parler', 'dire', 'monsieur', 'macron', 'fonctionner', 'comme', 'passerelle', 'extrême', 'droit', 'aimer', 'plus', 'réaction', 'médiatique', 'quand', 'monsieur', 'macron', 'avoir', 'dire', 'pétain', 'briller', 'stratège', 'alors', 'antisémite', 'notoire', 'questionspol']","['ADJ', 'NOM', 'VER:pres', 'VER:pper', 'NOM', 'NOM', 'VER:pres', 'ADV', 'NOM', 'ADJ', 'ADJ', 'VER:pper', 'ADV', 'NOM', 'ADJ', 'KON', 'NOM', 'NOM', 'VER:pres', 'VER:pper', 'NOM', 'VER:ppre', 'NOM', 'ADV', 'NOM', 'ADJ', 'NOM']",positive,0.0,0.09090909090909091,0.0,0.09090909090909091,0.0,0.18181818181818182
"['capitalisme', 'incapable', 'assumer', 'crise', 'arrive', 'car', 'oblige', 'raisonner', 'partir', 'intérêt', 'général', 'quand', 'tapis', 'roulant', 'gulf', 'stream', 'ralentit', 'quand', 'eau', 'mer', 'monte', 'pouvez', 'dire', 'fout', 'chacun', 'fait', 'veut', 'questionspol']","['capitalisme', 'incapable', 'assumer', 'crise', 'arriver', 'car', 'obliger', 'raisonner', 'partir', 'intérêt', 'général', 'quand', 'tapir', 'rouler', 'gulf', 'stream', 'ralentir', 'quand', 'eau', 'mer', 'monter', 'pouvoir', 'dire', 'foutre', 'chacun', 'fait', 'vouloir', 'questionspol']","['NOM', 'ADJ', 'VER:infi', 'NOM', 'VER:pres', 'KON', 'VER:pres', 'VER:infi', 'VER:infi', 'NOM', 'ADJ', 'ADV', 'VER:pper', 'VER:ppre', 'ADJ', 'NOM', 'VER:pres', 'KON', 'NOM', 'NOM', 'VER:pres', 'VER:pres', 'VER:infi', 'VER:pres', 'PRO:IND', 'NOM', 'VER:pres', 'NOM']",negative,0.0,0.25,0.3125,0.125,0.0625,0.125
"['franceinsoumise', 'finira', 'moment', 'donné', 'parler', 'autre', 'chose', 'haine', 'contre', 'musulmans', 'finira', 'parler', 'fait', 'macron', 'a', 'envoyé', 'commission', 'européenne', 'plan', 'ans', 'venir', 'pire', 'austérité', 'jamais', 'vu', 'questionspol']","['franceinsoumise', 'finir', 'moment', 'donner', 'parler', 'autre', 'chose', 'haine', 'contre', 'musulman', 'finir', 'parler', 'faire', 'macron', 'avoir', 'envoyer', 'commission', 'européen', 'plan', 'an', 'venir', 'pire', 'austérité', 'jamais', 'voir', 'questionspol']","['VER:pres', 'VER:futu', 'NOM', 'VER:pper', 'VER:infi', 'ADJ', 'NOM', 'NOM', 'PRP', 'NOM', 'VER:futu', 'VER:infi', 'VER:pper', 'NOM', 'VER:pres', 'VER:pper', 'NOM', 'ADJ', 'ADJ', 'NOM', 'VER:infi', 'ADJ', 'NOM', 'ADV', 'VER:pper', 'NOM']",positive,0.0,0.3333333333333333,0.26666666666666666,0.2,0.0,0.13333333333333333
"['franceinsoumise', 'proposé', 'grande', 'marche', 'libertés', 'autres', 'organisations', 'aujourd', 'hui', 'organisations', 'associations', 'syndicats', 'mouvements', 'politiques', 'appellent', 'cette', 'marche', 'juin', 'questionspol']","['franceinsoumise', 'proposer', 'grand', 'marche', 'liberté', 'autre', 'organisation', 'aujourd', 'hui', 'organisation', 'association', 'syndicat', 'mouvement', 'politique', 'appeler', 'ce', 'marche', 'juin', 'questionspol']","['VER:pres', 'VER:pper', 'ADJ', 'NOM', 'NOM', 'ADJ', 'NOM', 'ADJ', 'VER:pper', 'NOM', 'NOM', 'NOM', 'NOM', 'ADJ', 'VER:pres', 'PRO:DEM', 'NOM', 'NOM', 'NOM']",positive,0.0,0.0,0.0,0.08333333333333333,0.08333333333333333,0.08333333333333333
"['franceinsoumise', 'si', 'parlait', 'longueur', 'plateaux', 'ouvriers', 'meurent', 'chaque', 'année', 'travail', 'bâtiment', 'si', 'parlait', 'personnes', 'eau', 'si', 'parlait', 'richesse', 'certains', 'pauvreté', 'autres', 'verrait', 'différence', 'questionspol']","['franceinsoumise', 'si', 'parler', 'longueur', 'plateau', 'ouvrier', 'mourir', 'chaque', 'année', 'travail', 'bâtiment', 'si', 'parler', 'personne', 'eau', 'si', 'parler', 'richesse', 'certain', 'pauvreté', 'autre', 'voir', 'différence', 'questionspol']","['NOM', 'ADV', 'VER:impf', 'NOM', 'NOM', 'ADJ', 'VER:pres', 'PRO:IND', 'NOM', 'NOM', 'NOM', 'ADV', 'VER:impf', 'NOM', 'NOM', 'ADV', 'VER:impf', 'NOM', 'PRO:IND', 'NOM', 'ADJ', 'VER:cond', 'NOM', 'NOM']",positive,0.0,0.06666666666666667,0.13333333333333333,0.06666666666666667,0.06666666666666667,0.13333333333333333
"['a', 'intérêt', 'général', 'humain', 'tous', 'logés', 'enseigne', 'quand', 'respire', 'air', 'pourri', 'quand', 'boit', 'eau', 'potable', 'bien', 'espèce', 'quelque', 'différences', 'individuelles', 'reliée', 'intérêt', 'général', 'questionspol']","['avoir', 'intérêt', 'général', 'humain', 'tout', 'loger', 'enseigne', 'quand', 'respirer', 'air', 'pourrir', 'quand', 'boire', 'eau', 'potable', 'bien', 'espèce', 'quelque', 'différence', 'individuel', 'relier', 'intérêt', 'général', 'questionspol']","['VER:pres', 'NOM', 'ADJ', 'ADJ', 'PRO:IND', 'VER:pper', 'NOM', 'KON', 'VER:pres', 'NOM', 'VER:pper', 'KON', 'VER:pres', 'NOM', 'ADJ', 'ADJ', 'NOM', 'PRO:IND', 'NOM', 'ADJ', 'VER:pper', 'NOM', 'ADJ', 'NOM']",positive,0.0,0.05555555555555555,0.1111111111111111,0.0,0.05555555555555555,0.1111111111111111
"['franceinsoumise', 'monsieur', 'macron', 'a', 'gagné', 'appui', 'oligarchie', 'possède', 'médias', 'aujourd', 'hui', 'cette', 'oligarchie', 'dédiabolise', 'madame', 'pen', 'met', 'avant', 'thèmes', 'longueur', 'plateaux', 'questionspol']","['franceinsoumise', 'monsieur', 'macron', 'avoir', 'gagner', 'appui', 'oligarchie', 'posséder', 'médias', 'aujourd', 'hui', 'ce', 'oligarchie', 'dédiabolise', 'madame', 'pen', 'mettre', 'avant', 'thème', 'longueur', 'plateau', 'questionspol']","['ADJ', 'NOM', 'NOM', 'VER:pres', 'VER:pper', 'NOM', 'NOM', 'VER:pres', 'NOM', 'VER:pres', 'VER:pper', 'PRO:DEM', 'NOM', 'VER:subp', 'NOM', 'ADJ', 'VER:pres', 'PRP', 'NOM', 'NOM', 'NOM', 'NOM']",positive,0.08333333333333333,0.08333333333333333,0.0,0.25,0.0,0.08333333333333333
"['respiration', 'bienvenue', 'tout', 'monde', 'a', 'pu', 'vérifier', 'centralité', 'bistro', 'civilisation', 'française', 'faut', 'regarder', 'réalité', 'cruelle', 'a', 'plus', 'plans', 'sociaux', 'depuis', 'début', 'année', 'pandémie', 'terminée', 'questionspol']","['respiration', 'bienvenir', 'tout', 'monde', 'avoir', 'pouvoir', 'vérifier', 'centralité', 'bistro', 'civilisation', 'français', 'falloir', 'regarder', 'réalité', 'cruel', 'avoir', 'plus', 'plan', 'social', 'depuis', 'début', 'année', 'pandémie', 'terminer', 'questionspol']","['NOM', 'VER:pper', 'PRO:IND', 'NOM', 'VER:pres', 'VER:pper', 'VER:infi', 'NOM', 'NOM', 'NOM', 'ADJ', 'VER:pres', 'VER:infi', 'NOM', 'ADJ', 'VER:pres', 'ADV', 'ADJ', 'ADJ', 'PRP', 'NOM', 'NOM', 'NOM', 'VER:pper', 'NOM']",positive,0.13333333333333333,0.13333333333333333,0.13333333333333333,0.06666666666666667,0.0,0.2
"['franceinsoumise', 'problème', 'ni', 'jadot', 'ni', 'faure', 'monsieur', 'macron', 'a', 'dit', 'pétain', 'brillant', 'stratège', 'maurras', 'bon', 'écrivain', 'alors', 'deux', 'antisémites', 'notoires', 'mme', 'pen', 'a', 'dédiabolisée', 'questionspol']","['franceinsoumise', 'problème', 'ni', 'jadot', 'ni', 'faure', 'monsieur', 'macron', 'avoir', 'dire', 'pétain', 'briller', 'stratège', 'maurras', 'bon', 'écrivain', 'alors', 'deux', 'antisémite', 'notoire', 'madame', 'pen', 'avoir', 'dédiabolisée', 'questionspol']","['ADJ', 'NOM', 'KON', 'NOM', 'KON', 'NOM', 'NOM', 'NOM', 'VER:pres', 'VER:pper', 'NOM', 'VER:ppre', 'NOM', 'VER:futu', 'ADJ', 'NOM', 'ADV', 'NUM', 'NOM', 'ADJ', 'NOM', 'ADJ', 'VER:pres', 'VER:pper', 'NOM']",positive,0.0,0.25,0.125,0.25,0.25,0.25
"['franceinsoumise', 'a', 'proposé', 'tous', 'partis', 'dits', 'gauche', 'union', 'élections', 'régionales', 'reçu', 'fins', 'non', 'recevoir', 'exclusion', 'pure', 'simple', 'paca', 'questionspol']","['franceinsoumise', 'avoir', 'proposer', 'tout', 'parti', 'dire', 'gauche', 'union', 'élection', 'régional', 'recevoir', 'fin', 'non', 'recevoir', 'exclusion', 'pur', 'simple', 'paca', 'questionspol']","['NOM', 'VER:pres', 'VER:pper', 'PRO:IND', 'NOM', 'VER:pper', 'ADJ', 'NOM', 'NOM', 'ADJ', 'VER:pper', 'ADJ', 'ADV', 'VER:infi', 'NOM', 'ADJ', 'ADJ', 'NOM', 'ADJ']",positive,0.0,0.2727272727272727,0.18181818181818182,0.09090909090909091,0.0,0.18181818181818182
"['union', 'gauche', 'peut', 'être', 'parfois', 'frein', 'union', 'populaire', 'si', 'allais', 'prendre', 'bras', 'messieurs', 'valls', 'hollande', 'faire', 'union', 'gauche', 'cela', 'ferait', 'fuir', 'tout', 'monde', 'union', 'populaire', 'doit', 'réaliser', 'vote', 'questionspol']","['union', 'gauche', 'pouvoir', 'être', 'parfois', 'frein', 'union', 'populaire', 'si', 'aller', 'prendre', 'bras', 'messieurs', 'valls', 'hollande', 'faire', 'union', 'gauche', 'cela', 'faire', 'fuir', 'tout', 'monde', 'union', 'populaire', 'devoir', 'réaliser', 'vote', 'questionspol']","['NOM', 'ADJ', 'VER:pres', 'VER:infi', 'ADV', 'NOM', 'NOM', 'ADJ', 'KON', 'VER:impf', 'VER:infi', 'NOM', 'NOM', 'NOM', 'NOM', 'VER:infi', 'NOM', 'ADJ', 'PRO:DEM', 'VER:cond', 'VER:infi', 'PRO:IND', 'NOM', 'NOM', 'ADJ', 'VER:pres', 'VER:infi', 'NOM', 'NOM']",positive,0.0,0.25,0.1,0.1,0.15,0.2
"['propose', 'faire', 'élire', 'convoquer', 'assemblée', 'constituante', 'faire', 'e', 'république', 'aller', 'ensuite', 'jeter', 'clés', 'élysée', 'seine', 'questionspol']","['proposer', 'faire', 'élire', 'convoquer', 'assemblée', 'constituant', 'faire', 'e', 'république', 'aller', 'ensuite', 'jeter', 'clé', 'élysée', 'seiner', 'questionspol']","['VER:pres', 'VER:infi', 'VER:infi', 'VER:infi', 'NOM', 'ADJ', 'VER:infi', 'VER:futu', 'NOM', 'VER:infi', 'ADV', 'VER:infi', 'NOM', 'ADJ', 'VER:pres', 'NOM']",positive,0.0,0.2,0.0,0.1,0.0,0.0
"['où', 'passés', 'ceux', 'faisaient', 'leçons', 'laïcité', 'dont', 'unique', 'but', 'insulter', 'musulmans', 'aujourd', 'hui', 'train', 'augmenter', 'déduction', 'fiscale', 'dons', 'faits', 'cultes', 'église', 'catholique', 'gagnera', 'millions', 'euros', 'questionspol']","['où', 'passer', 'celui', 'faire', 'leçon', 'laïcité', 'dont', 'unique', 'boire', 'insulter', 'musulman', 'aujourd', 'hui', 'train', 'augmenter', 'déduction', 'fiscal', 'don', 'faire', 'culte', 'église', 'catholique', 'gagner', 'million', 'euro', 'questionspol']","['ADV', 'VER:pper', 'PRO:DEM', 'VER:impf', 'NOM', 'NOM', 'PRO:REL', 'ADJ', 'VER:simp', 'VER:infi', 'ADJ', 'NOM', 'VER:pper', 'NOM', 'VER:infi', 'NOM', 'ADJ', 'NOM', 'VER:pper', 'NOM', 'NOM', 'ADJ', 'VER:futu', 'NOM', 'NOM', 'NOM']",positive,0.06666666666666667,0.06666666666666667,0.06666666666666667,0.06666666666666667,0.13333333333333333,0.06666666666666667
"['pense', 'messieurs', 'jadot', 'faure', 'madame', 'hidalgo', 'fait', 'bien', 'mauvais', 'choix', 'cautionnant', 'manifestation', 'dont', 'caractère', 'factieux', 'prévisible', 'puisqu', 'indiqué', 'dès', 'avant', 'manifestation', 'tracts', 'appelaient', 'questionspol']","['penser', 'messieurs', 'jadot', 'faure', 'madame', 'hidalgo', 'faire', 'bien', 'mauvais', 'choix', 'cautionner', 'manifestation', 'dont', 'caractère', 'factieux', 'prévisible', 'puisqu', 'indiquer', 'dès', 'avant', 'manifestation', 'tract', 'appeler', 'questionspol']","['VER:pres', 'NOM', 'NOM', 'NOM', 'NOM', 'NOM', 'VER:pres', 'ADV', 'ADJ', 'NOM', 'VER:ppre', 'NOM', 'PRO:REL', 'NOM', 'ADJ', 'ADJ', 'NOM', 'VER:pper', 'PRP', 'PRP', 'NOM', 'NOM', 'VER:impf', 'NOM']",positive,0.0,0.3333333333333333,0.1111111111111111,0.1111111111111111,0.1111111111111111,0.1111111111111111
"['quand', 'passe', 'drame', 'terrain', 'intervention', 'policière', 'gestion', 'manifestations', 'faut', 'regarder', 'donne', 'ordres', 'demande', 'nasser', 'chefs', 'cause', 'questionspol']","['quand', 'passer', 'drame', 'terrain', 'intervention', 'policier', 'gestion', 'manifestation', 'falloir', 'regarder', 'donner', 'ordre', 'demander', 'nasser', 'chef', 'causer', 'questionspol']","['ADV', 'VER:pres', 'NOM', 'NOM', 'NOM', 'ADJ', 'NOM', 'NOM', 'VER:pres', 'VER:infi', 'VER:pres', 'NOM', 'VER:pres', 'VER:infi', 'NOM', 'VER:pres', 'NOM']",positive,0.0,0.2,0.3,0.2,0.2,0.0
"['seuls', 'proposer', 'plan', 'redéployer', 'action', 'police', 'faire', 'face', 'trafics', 'trafics', 'êtres', 'humains', 'drogues', 'armes', 'questionspol']","['seul', 'proposer', 'plan', 'redéployer', 'action', 'policer', 'faire', 'face', 'trafic', 'trafic', 'être|êtres', 'humain', 'drogue', 'arme', 'questionspol']","['ADJ', 'VER:infi', 'NOM', 'VER:infi', 'NOM', 'VER:pres', 'VER:infi', 'NOM', 'NOM', 'NOM', 'NOM', 'ADJ', 'NOM', 'NOM', 'NOM']",positive,0.0,0.1,0.4,0.1,0.0,0.2
"['féminicides', 'problème', 'première', 'grandeur', 'doit', 'examiner', 'pourquoi', 'quand', 'femmes', 'portent', 'plainte', 'elles', 'peuvent', 'être', 'laissées', 'mains', 'leurs', 'bourreaux', 'questionspol']","['féminicides', 'problème', 'premier', 'grandeur', 'devoir', 'examiner', 'pourquoi', 'quand', 'femme', 'porter', 'plaindre', 'elle', 'pouvoir', 'être', 'laisser', 'main', 'leur', 'bourreau', 'questionspol']","['ADJ', 'NOM', 'NUM', 'NOM', 'VER:pres', 'VER:infi', 'ADV', 'KON', 'NOM', 'VER:pres', 'VER:pper', 'PRO:PER', 'VER:pres', 'VER:infi', 'VER:pper', 'NOM', 'DET:POS', 'NOM', 'ADJ']",positive,0.09090909090909091,0.18181818181818182,0.2727272727272727,0.18181818181818182,0.18181818181818182,0.09090909090909091
"['hier', 'vallée', 'romanche', 'défendre', 'boîte', 'fait', 'silicium', 'dont', 'fermeture', 'annoncée', 'or', 'a', 'besoin', 'silicium', 'si', 'président', 'réquisitionnerais', 'cette', 'entreprise', 'garantir', 'indépendance', 'domaine', 'questionspol']","['hier', 'vallée', 'romanche', 'défendre', 'boîte', 'faire', 'silicium', 'dont', 'fermeture', 'annoncer', 'or', 'avoir', 'besoin', 'silicium', 'si', 'président', 'réquisitionner', 'ce', 'entreprise', 'garantir', 'indépendance', 'domaine', 'questionspol']","['ADV', 'NOM', 'ADJ', 'VER:infi', 'NOM', 'VER:pres', 'NOM', 'PRO:REL', 'NOM', 'VER:pper', 'NOM', 'VER:pres', 'NOM', 'NOM', 'KON', 'NOM', 'VER:cond', 'PRO:DEM', 'NOM', 'VER:infi', 'NOM', 'NOM', 'NOM']",positive,0.0,0.0,0.07692307692307693,0.07692307692307693,0.07692307692307693,0.0
"['g', 'honte', 'soi', 'substituer', 'onu', 'groupe', 'pays', 'ensuite', 'passe', 'g', 'ensuite', 'impose', 'décisions', 'tout', 'monde', 'normal', 'questionspol']","['g', 'honte', 'soi', 'substituer', 'onu', 'groupe', 'pays', 'ensuite', 'passer', 'g', 'ensuite', 'imposer', 'décision', 'tout', 'monde', 'normal', 'questionspol']","['NOM', 'NOM', 'PRO:PER', 'VER:infi', 'ADJ', 'NOM', 'NOM', 'ADV', 'VER:pres', 'NOM', 'ADV', 'VER:pres', 'NOM', 'ADV', 'NOM', 'ADJ', 'NOM']",positive,0.0,0.2857142857142857,0.14285714285714285,0.2857142857142857,0.0,0.14285714285714285
"['propose', 'économie', 'mixte', 'société', 'entraide', 'mette', 'sommet', 'hiérarchie', 'normes', 'solidarité', 'questionspol']","['proposer', 'économie', 'mixte', 'société', 'entraide', 'mettre', 'sommet', 'hiérarchie', 'normer', 'solidarité', 'questionspol']","['VER:pres', 'NOM', 'ADJ', 'NOM', 'NOM', 'VER:subp', 'NOM', 'NOM', 'VER:pres', 'NOM', 'NOM']",positive,0.0,0.0,0.0,0.0,0.0,0.14285714285714285
"['capitalisme', 'incapable', 'faire', 'face', 'crise', 'climatique', 'car', 'cette', 'crise', 'oblige', 'penser', 'abord', 'intérêt', 'général', 'non', 'intérêt', 'individuel', 'questionspol']","['capitalisme', 'incapable', 'faire', 'face', 'crise', 'climatique', 'car', 'ce', 'crise', 'obliger', 'penser', 'abord', 'intérêt', 'général', 'non', 'intérêt', 'individuel', 'questionspol']","['NOM', 'ADJ', 'VER:infi', 'NOM', 'NOM', 'ADJ', 'KON', 'PRO:DEM', 'NOM', 'VER:pres', 'VER:infi', 'NOM', 'NOM', 'ADJ', 'ADV', 'NOM', 'ADJ', 'NOM']",positive,0.0,0.2727272727272727,0.36363636363636365,0.18181818181818182,0.18181818181818182,0.0
"['voyons', 'fin', 'cycle', 'décisions', 'biden', 'donnent', 'air', 'gens', 'comme', 'proposent', 'depuis', 'années', 'taxer', 'davantage', 'plus', 'riches', 'biden', 'signe', 'fin', 'époque', 'fait', 'première', 'puissance', 'capitaliste', 'monde', 'questionspol']","['voir', 'fin', 'cycler', 'décision', 'biden', 'donner', 'air', 'gens', 'comme', 'proposer', 'depuis', 'année', 'taxer', 'davantage', 'plus', 'riche', 'biden', 'signer', 'fin', 'époque', 'faire', 'premier', 'puissance', 'capitaliste', 'monde', 'questionspol']","['VER:pres', 'NOM', 'VER:pres', 'NOM', 'NOM', 'VER:pres', 'NOM', 'NOM', 'ADV', 'VER:pres', 'PRP', 'NOM', 'VER:infi', 'ADV', 'ADV', 'ADJ', 'NOM', 'VER:pres', 'ADJ', 'NOM', 'VER:pres', 'NUM', 'NOM', 'ADJ', 'NOM', 'ADJ']",positive,0.058823529411764705,0.11764705882352941,0.23529411764705882,0.058823529411764705,0.0,0.11764705882352941
"['proposé', 'a', 'plusieurs', 'mois', 'licence', 'libre', 'vaccins', 'pourquoi', 'parce', 'plus', 'vaccine', 'monde', 'plus', 'donne', 'possibilité', 'sortir', 'crise', 'covid', 'questionspol']","['proposer', 'avoir', 'plusieurs', 'mois|moi', 'licence', 'libre', 'vaccin', 'pourquoi', 'parce', 'plus', 'vacciner', 'monde', 'plus', 'donner', 'possibilité', 'sortir', 'crise', 'covid', 'questionspol']","['VER:pper', 'VER:pres', 'PRO:IND', 'NOM', 'NOM', 'ADJ', 'NOM', 'ADV', 'KON', 'ADV', 'VER:pres', 'NOM', 'ADV', 'VER:pres', 'NOM', 'VER:infi', 'NOM', 'ADJ', 'NOM']",positive,0.1,0.1,0.1,0.1,0.1,0.0
"['cessé', 'faire', 'propositions', 'pendant', 'crise', 'covid', 'ailleurs', 'terminée', 'arrivée', 'nouveaux', 'variants', 'notamment', 'proposé', 'installer', 'salles', 'classe', 'purificateurs', 'air', 'questionspol']","['cesser', 'faire', 'proposition', 'pendant', 'crise', 'covid', 'ailleurs', 'terminer', 'arrivée', 'nouveau', 'variant', 'notamment', 'proposer', 'installer', 'salle', 'classer', 'purificateur', 'air', 'questionspol']","['VER:pper', 'VER:infi', 'NOM', 'PRP', 'NOM', 'ADJ', 'ADV', 'VER:pper', 'NOM', 'ADJ', 'ADJ', 'ADV', 'VER:pper', 'VER:infi', 'NOM', 'VER:pres', 'ADJ', 'NOM', 'ADJ']",positive,0.09090909090909091,0.09090909090909091,0.09090909090909091,0.09090909090909091,0.09090909090909091,0.09090909090909091
"['voit', 'centralité', 'bistrot', 'culture', 'française', 'réouverture', 'terrasse', 'bouffée', 'air', 'frais', 'tous', 'aime', 'café', 'lait', 'fraise', 'questionspol']","['voir', 'centralité', 'bistrot', 'culture', 'français', 'réouverture', 'terrasser', 'bouffer', 'air', 'frais', 'tout', 'aimer', 'café', 'lait', 'fraiser', 'questionspol']","['VER:pres', 'NOM', 'NOM', 'NOM', 'ADJ', 'NOM', 'VER:pres', 'VER:pper', 'NOM', 'ADJ', 'PRO:IND', 'VER:pres', 'NOM', 'NOM', 'VER:pres', 'NOM']",positive,0.0,0.0,0.0,0.0,0.0,0.16666666666666666
"['députés', 'peuple', 'humain', 'ça', 'veut', 'dire', 'chaque', 'fois', 'problème', 'pose', 'pays', 'faut', 'penser', 'décisions', 'peuvent', 'impliquer', 'humanité', 'questionspol']","['députer', 'peuple', 'humain', 'cela', 'vouloir', 'dire', 'chaque', 'fois', 'problème', 'poser', 'pays', 'falloir', 'penser', 'décision', 'pouvoir', 'impliquer', 'humanité', 'questionspol']","['VER:pper', 'NOM', 'ADJ', 'PRO:DEM', 'VER:pres', 'VER:infi', 'PRO:IND', 'NOM', 'NOM', 'VER:pres', 'NOM', 'VER:pres', 'VER:infi', 'NOM', 'VER:pres', 'VER:infi', 'NOM', 'NOM']",positive,0.0,0.18181818181818182,0.18181818181818182,0.09090909090909091,0.09090909090909091,0.09090909090909091
"['quelle', 'nationalité', 'sait', 'aujourd', 'hui', 'a', 'intérêt', 'général', 'humain', 'tous', 'logés', 'enseigne', 'quand', 'respire', 'air', 'pourri', 'quand', 'boit', 'eau', 'pollué', 'seule', 'espèce', 'humaine', 'questionspol']","['quel', 'nationalité', 'savoir', 'aujourd', 'hui', 'avoir', 'intérêt', 'général', 'humain', 'tout', 'loger', 'enseigne', 'quand', 'respirer', 'air', 'pourrir', 'quand', 'boire', 'eau', 'polluer', 'seul', 'espèce', 'humain', 'questionspol']","['PRO:REL', 'NOM', 'VER:pres', 'NOM', 'VER:pper', 'VER:pres', 'NOM', 'ADJ', 'ADJ', 'PRO:IND', 'VER:pper', 'NOM', 'KON', 'VER:pres', 'NOM', 'VER:pper', 'KON', 'VER:pres', 'NOM', 'VER:pper', 'ADJ', 'NOM', 'ADJ', 'NOM']",positive,0.0,0.0625,0.125,0.0625,0.0,0.25
"['parti', 'questionspol', 'france', 'inter', 'france', 'info', 'tv', 'suivez', 'live', 'tweet']","['parti', 'questionspol', 'france', 'inter', 'france', 'info', 'tv', 'suivre', 'live', 'tweet']","['ADJ', 'NOM', 'NOM', 'NOM', 'NOM', 'NOM', 'ADJ', 'VER:pres', 'ADJ', 'NOM']",positive,0.0,0.0,0.0,0.0,0.0,0.0
"['rendez', 'h', 'questionspol', 'france', 'inter', 'france', 'info', 'tv']","['rendre', 'heure', 'questionspol', 'france', 'inter', 'france', 'info', 'tv']","['VER:pres', 'ABR', 'NOM', 'NOM', 'NOM', 'NOM', 'NOM', 'ADJ']",positive,0.0,0.0,0.0,0.0,0.0,0.0
"['faut', 'réquisitionner', 'usines', 'permettant', 'produire', 'france', 'silicium', 'soutien', 'salariés', 'ferropem', 'clavaux']","['falloir', 'réquisitionner', 'usine', 'permettre', 'produire', 'france', 'silicium', 'soutien', 'salarier', 'ferropem', 'clavaux']","['VER:pres', 'VER:infi', 'NOM', 'VER:ppre', 'VER:infi', 'NOM', 'NOM', 'NOM', 'VER:pper', 'NOM', 'NOM']",positive,0.0,0.0,0.0,0.0,0.0,0.0
"['semaine', 'élection', 'législative', 'décoiffe', 'dimanche', 'faisons', 'élire', 'simonnet', 'assemblée', 'nationale', 'simonnetdéputée']","['semaine', 'élection', 'législatif', 'décoiffer', 'dimanche', 'faire', 'élire', 'simonnet', 'assemblée', 'national', 'simonnetdéputée']","['NOM', 'NOM', 'ADJ', 'VER:pres', 'NOM', 'VER:pres', 'VER:infi', 'NOM', 'NOM', 'ADJ', 'VER:pper']",positive,0.0,0.0,0.0,0.0,0.0,0.0
"['dimanche', 'juin', 'si', 'habitez', 'e', 'arrondissement', 'paris', 'connaissez', 'gens', 'habitent', 'votez', 'faites', 'voter', 'simonnet', 'devienne', 'e', 'députée', 'insoumise']","['dimanche', 'juin', 'si', 'habiter', 'e', 'arrondissement', 'pari', 'connaître', 'gens', 'habiter', 'voter', 'faire', 'voter', 'simonnet', 'devenir', 'e', 'députer', 'insoumis']","['NOM', 'NOM', 'KON', 'VER:pres', 'VER:pper', 'NOM', 'NOM', 'VER:pres', 'NOM', 'VER:pres', 'VER:pres', 'VER:pres', 'VER:infi', 'NOM', 'VER:subp', 'VER:simp', 'VER:pper', 'ADJ']",positive,0.0,0.1,0.2,0.2,0.3,0.0
"['europe', 'protège', 'cette', 'imposture', 'seul', 'service', 'profit', 'refuse', 'licences', 'libres', 'vaccins', 'covid']","['europe', 'protéger', 'ce', 'imposture', 'seul', 'service', 'profit', 'refuser', 'licence', 'libre', 'vaccin', 'covid']","['ADJ', 'VER:pres', 'PRO:DEM', 'NOM', 'ADJ', 'NOM', 'NOM', 'VER:pres', 'NOM', 'ADJ', 'NOM', 'ADJ']",positive,0.2222222222222222,0.1111111111111111,0.1111111111111111,0.2222222222222222,0.0,0.2222222222222222
"['valls', 'hollande', 'viennent', 'faire', 'campagne', 'ème', 'contre', 'simonnet', 'tout', 'monde', 'comprend', 'écoutez', 'zombies', 'votez', 'danielle', 'simonnet', 'simonnetdéputée', 'circo']","['valls', 'hollande', 'venir', 'faire', 'campagne', 'ème', 'contre', 'simonnet', 'tout', 'monde', 'comprendre', 'écouter', 'zombie', 'voter', 'danielle', 'simonnet', 'simonnetdéputée', 'circo']","['NOM', 'NOM', 'VER:pres', 'VER:infi', 'NOM', 'NOM', 'PRP', 'NOM', 'PRO:IND', 'NOM', 'VER:pres', 'VER:pres', 'NOM', 'VER:pres', 'ADJ', 'NOM', 'VER:pper', 'NOM']",positive,0.0,0.16666666666666666,0.16666666666666666,0.5,0.16666666666666666,0.0
"['rendez', 'dimanche', 'juin', 'h', 'france', 'inter', 'france', 'info', 'tv', 'questionspol']","['rendre', 'dimanche', 'juin', 'heure', 'france', 'inter', 'france', 'info', 'tv', 'questionspol']","['VER:pres', 'NOM', 'NOM', 'ABR', 'NOM', 'NOM', 'NOM', 'ADJ', 'ADJ', 'NOM']",positive,0.0,0.0,0.0,0.0,0.0,0.0
"['rdls', 'ligne', 'thèmes', 'répression', 'militants', 'bure', 'députée', 'insoumise', 'benedicttaurine', 'violentée', 'castex', 'fiche', 'compteur', 'linky', 'devient', 'payant', 'arnaque', 'totale']","['rdls', 'ligne', 'thème', 'répression', 'militant', 'bure', 'députer', 'insoumis', 'benedicttaurine', 'violenter', 'castex', 'ficher', 'compteur', 'linky', 'devenir', 'payant', 'arnaque', 'total']","['ADJ', 'NOM', 'NOM', 'NOM', 'ADJ', 'NOM', 'VER:pper', 'ADJ', 'NOM', 'VER:pper', 'NOM', 'VER:pres', 'NOM', 'NOM', 'VER:pres', 'ADJ', 'NOM', 'ADJ']",negative,0.0,0.25,0.25,0.625,0.125,0.125
"['samedi', 'juin', 'partout', 'france', 'marchons', 'libertés', 'contre', 'idées', 'extrême', 'droite', 'toutes', 'infos']","['samedi', 'juin', 'partout', 'france', 'marcher', 'liberté', 'contre', 'idée', 'extrême', 'droit', 'tout', 'infos']","['NOM', 'NOM', 'ADV', 'NOM', 'VER:pres', 'NOM', 'PRP', 'NOM', 'ADJ', 'ADJ', 'PRO:IND', 'NOM']",positive,0.0,0.0,0.0,0.16666666666666666,0.16666666666666666,0.0
"['beaucoup', 'monde', 'soutien', 'simonnet', 'législative', 'partielle', 'e', 'arrondissement', 'paris', 'dimanche', 'juin', 'rendez', 'urnes', 'faire', 'élire', 'ème', 'députée', 'insoumise']","['beaucoup', 'monde', 'soutien', 'simonnet', 'législatif', 'partiel', 'e', 'arrondissement', 'pari', 'dimanche', 'juin', 'rendre', 'urne', 'faire', 'élire', 'ème', 'députer', 'insoumis']","['ADV', 'ADJ', 'NOM', 'NOM', 'ADJ', 'ADJ', 'VER:impf', 'NOM', 'NOM', 'NOM', 'NOM', 'VER:pres', 'NOM', 'VER:infi', 'VER:infi', 'NOM', 'VER:pper', 'ADJ']",positive,0.0,0.1,0.2,0.0,0.1,0.0
"['direct', 'prise', 'parole', 'soutien', 'simonnet', 'législative', 'partielle', 'e', 'arrondissement', 'paris', 'dimanche', 'juin', 'rendez', 'urnes', 'faire', 'élire', 'ème', 'deputée', 'insoumise']","['direct', 'prise', 'parole', 'soutien', 'simonnet', 'législatif', 'partiel', 'e', 'arrondissement', 'pari', 'dimanche', 'juin', 'rendre', 'urne', 'faire', 'élire', 'ème', 'deputée', 'insoumis']","['ADJ', 'NOM', 'NOM', 'NOM', 'NOM', 'ADJ', 'ADJ', 'VER:impf', 'NOM', 'NOM', 'NOM', 'NOM', 'VER:pres', 'NOM', 'VER:infi', 'VER:infi', 'NOM', 'VER:pper', 'ADJ']",positive,0.0,0.1,0.2,0.0,0.1,0.0
"['monde', 'enfin', 'niveau', 'parisien', 'infos', 'kakou', 'dire', 'a', 'gens', 'payent', 'recevoir', 'type', 'infos', 'quand', 'pen', 'extrême', 'droite', 'modérée']","['monde', 'enfin', 'niveau', 'parisien', 'infos', 'kakou', 'dire', 'avoir', 'gens', 'payer', 'recevoir', 'type', 'infos', 'quand', 'pen', 'extrême', 'droit', 'modéré']","['NOM', 'ADV', 'NOM', 'ADJ', 'NOM', 'NOM', 'VER:infi', 'VER:pres', 'NOM', 'VER:pres', 'VER:infi', 'NOM', 'NOM', 'KON', 'NOM', 'ADJ', 'ADJ', 'NOM']",positive,0.0,0.0,0.0,0.0,0.0,0.0
"['pays', 'riche', 'faut', 'certains', 'arrêtent', 'tout', 'prendre', 'puisse', 'partager', 'autres', 'si', 'fait', 'fera', 'tourner', 'toutes', 'entreprises', 'plein', 'régime']","['pays', 'riche', 'falloir', 'certain', 'arrêter', 'tout', 'prendre', 'pouvoir', 'partager', 'autre', 'si', 'fait', 'faire', 'tourner', 'tout', 'entreprise', 'plein', 'régime']","['NOM', 'ADJ', 'VER:pres', 'PRO:IND', 'VER:pres', 'ADV', 'VER:infi', 'VER:subp', 'VER:infi', 'ADJ', 'KON', 'NOM', 'VER:futu', 'VER:infi', 'PRO:IND', 'NOM', 'ADJ', 'NOM']",positive,0.0,0.3,0.1,0.1,0.3,0.2
"['interpelle', 'premier', 'ministre', 'après', 'violences', 'commises', 'contre', 'députée', 'insoumise', 'benedicttaurine', 'contre', 'parlementaires', 'lors', 'manifestation', 'pacifique', 'liberté', 'action', 'députés', 'doit', 'être', 'garantie']","['interpeller', 'premier', 'ministre', 'après', 'violence', 'commettre', 'contrer', 'députer', 'insoumis', 'benedicttaurine', 'contre', 'parlementaire', 'lors', 'manifestation', 'pacifique', 'liberté', 'action', 'députer', 'devoir', 'être', 'garantir']","['VER:pres', 'NUM', 'NOM', 'PRP', 'NOM', 'VER:pper', 'VER:pres', 'VER:pper', 'ADJ', 'NOM', 'PRP', 'NOM', 'ADV', 'NOM', 'ADJ', 'NOM', 'NOM', 'VER:pper', 'VER:pres', 'VER:infi', 'VER:pper']",positive,0.08333333333333333,0.08333333333333333,0.08333333333333333,0.25,0.25,0.0
"['benedicttaurine', 'mbompard', 'matin', 'président', 'assemblée', 'a', 'interpellé', 'gouvernement', 'cette', 'violence', 'réclamons', 'ni', 'mansuétude', 'ni', 'privilège', 'exigeons', 'garantie', 'liberté', 'action', 'directan', 'qag']","['benedicttaurine', 'mbompard', 'matin', 'président', 'assembler', 'avoir', 'interpeller', 'gouvernement', 'ce', 'violence', 'réclamer', 'ni', 'mansuétude', 'ni', 'privilège', 'exiger', 'garantir', 'liberté', 'action', 'directan', 'qag']","['ADJ', 'NOM', 'NOM', 'NOM', 'VER:pper', 'VER:pres', 'VER:pper', 'NOM', 'PRO:DEM', 'NOM', 'VER:pres', 'KON', 'NOM', 'KON', 'NOM', 'VER:pres', 'VER:pper', 'NOM', 'NOM', 'ADJ', 'NOM']",positive,0.0,0.2,0.1,0.2,0.1,0.0
"['benedicttaurine', 'mbompard', 'inviolabilité', 'députés', 'garantie', 'liberté', 'parole', 'action', 'nom', 'peuple', 'volonté', 'duquel', 'ici', 'député', 'peuple', 'république', 'chacun', 'directan', 'qag']","['benedicttaurine', 'mbompard', 'inviolabilité', 'députer', 'garantir', 'liberté', 'parole', 'action', 'nom', 'peuple', 'volonté', 'duquel', 'ici', 'députer', 'peuple', 'république', 'chacun', 'directan', 'qag']","['ADJ', 'NOM', 'NOM', 'VER:pper', 'VER:pper', 'NOM', 'NOM', 'NOM', 'NOM', 'NOM', 'NOM', 'PRO:REL', 'ADV', 'VER:pper', 'NOM', 'NOM', 'PRO:IND', 'ADJ', 'NOM']",positive,0.0,0.0,0.0,0.0,0.1111111111111111,0.0
"['benedicttaurine', 'mbompard', 'venant', 'après', 'interpellation', 'trois', 'collègues', 'voulaient', 'revenir', 'assemblée', 'punis', 'ensuite', 'autant', 'amendes', 'euros', 'voit', 'dangereuse', 'escalade', 'opérer', 'directan', 'qag']","['benedicttaurine', 'mbompard', 'venir', 'après', 'interpellation', 'trois', 'collègue', 'vouloir', 'revenir', 'assemblée', 'punir', 'ensuite', 'autant', 'amende', 'euro', 'voir', 'dangereux', 'escalader', 'opérer', 'directan', 'qag']","['ADJ', 'NOM', 'VER:ppre', 'PRP', 'NOM', 'NUM', 'NOM', 'VER:impf', 'VER:infi', 'NOM', 'VER:pper', 'ADV', 'ADV', 'NOM', 'NOM', 'VER:pres', 'ADJ', 'VER:pres', 'VER:infi', 'ADJ', 'NOM']",positive,0.0,0.5714285714285714,0.5714285714285714,0.2857142857142857,0.14285714285714285,0.0
"['benedicttaurine', 'mbompard', 'cette', 'inviolabilité', 'acquise', 'élus', 'peuple', 'depuis', 'avant', 'ère', 'courante', 'élection', 'premiers', 'tribuns', 'peuple', 'a', 'confirmée', 'premier', 'vote', 'premiers', 'députés', 'première', 'assemblée', 'nationale', 'directan', 'qag']","['benedicttaurine', 'mbompard', 'ce', 'inviolabilité', 'acquis', 'élire', 'peuple', 'depuis', 'avant', 'ère', 'courant', 'élection', 'premier', 'tribun', 'peuple', 'avoir', 'confirmer', 'premier', 'vote', 'premier', 'député', 'premier', 'assemblée', 'national', 'directan', 'qag']","['ADJ', 'NOM', 'PRO:DEM', 'NOM', 'ADJ', 'VER:pper', 'NOM', 'PRP', 'PRP', 'NOM', 'ADJ', 'NOM', 'NUM', 'NOM', 'NOM', 'VER:pres', 'VER:pper', 'NUM', 'NOM', 'NUM', 'NOM', 'NUM', 'NOM', 'ADJ', 'ADJ', 'NOM']",positive,0.2857142857142857,0.0,0.07142857142857142,0.07142857142857142,0.07142857142857142,0.0
"['benedicttaurine', 'mbompard', 'france', 'comme', 'toutes', 'démocraties', 'monde', 'liberté', 'action', 'parlementaire', 'cadre', 'mandat', 'première', 'hiérarchie', 'normes', 'nul', 'a', 'droit', 'opposer', 'directan', 'qag']","['benedicttaurine', 'mbompard', 'france', 'comme', 'tout', 'démocratie', 'monde', 'liberté', 'action', 'parlementaire', 'cadre', 'mandat', 'premier', 'hiérarchie', 'norme', 'nul', 'avoir', 'droit', 'opposer', 'directan', 'qag']","['ADJ', 'NOM', 'NOM', 'ADV', 'PRO:IND', 'NOM', 'NOM', 'NOM', 'NOM', 'ADJ', 'NOM', 'NOM', 'NUM', 'NOM', 'NOM', 'ADJ', 'VER:pres', 'ADV', 'VER:infi', 'ADJ', 'NOM']",positive,0.09090909090909091,0.18181818181818182,0.18181818181818182,0.09090909090909091,0.09090909090909091,0.18181818181818182
"['benedicttaurine', 'madame', 'benedicttaurine', 'comme', 'député', 'européen', 'mbompard', 'sénateur', 'joel', 'labbé', 'également', 'présents', 'place', 'agissait', 'cadre', 'mandat', 'parlementaire', 'côtés', 'manifestants', 'confédération', 'paysanne', 'directan', 'qag']","['benedicttaurine', 'madame', 'benedicttaurine', 'comme', 'députer', 'européen', 'mbompard', 'sénateur', 'joel', 'labbé', 'également', 'présent', 'place', 'agir', 'cadre', 'mandat', 'parlementaire', 'côté', 'manifestant', 'confédération', 'paysan', 'directan', 'qag']","['ADJ', 'NOM', 'ADJ', 'ADV', 'VER:pper', 'ADJ', 'NOM', 'NOM', 'ADJ', 'NOM', 'ADV', 'ADJ', 'NOM', 'VER:impf', 'NOM', 'NOM', 'ADJ', 'NOM', 'NOM', 'NOM', 'ADJ', 'ADJ', 'NOM']",positive,0.0,0.0,0.0,0.0,0.1,0.0
"['benedicttaurine', 'charge', 'a', 'lancée', 'sans', 'sommation', 'ailleurs', 'sans', 'motif', 'compte', 'tenu', 'caractère', 'pacifique', 'action', 'syndicale', 'parce', 'benedicttaurine', 'agissait', 'ceinte', 'écharpe', 'tricolore', 'destinée', 'signaler', 'qualité', 'directan', 'qag']","['benedicttaurine', 'charge', 'avoir', 'lancer', 'sans', 'sommation', 'ailleurs', 'sans', 'motif', 'compter', 'tenir', 'caractère', 'pacifique', 'action', 'syndical', 'parce', 'benedicttaurine', 'agir', 'ceindre', 'écharpe', 'tricolore', 'destiner', 'signaler', 'qualité', 'directan', 'qag']","['ADJ', 'NOM', 'VER:pres', 'VER:pper', 'PRP', 'NOM', 'ADV', 'PRP', 'NOM', 'VER:pres', 'VER:pper', 'NOM', 'ADJ', 'NOM', 'ADJ', 'KON', 'NOM', 'VER:impf', 'VER:pper', 'NOM', 'ADJ', 'VER:pper', 'VER:infi', 'NOM', 'ADJ', 'NOM']",positive,0.0,0.09090909090909091,0.0,0.09090909090909091,0.18181818181818182,0.0
"['benedicttaurine', 'madame', 'benedicttaurine', 'député', 'ariège', 'empêchée', 'poser', 'cette', 'question', 'effet', 'remet', 'violences', 'délibérées', 'a', 'subir', 'part', 'policier', 'a', 'jetée', 'terre', 'directan', 'qag']","['benedicttaurine', 'madame', 'benedicttaurine', 'députer', 'ariège', 'empêcher', 'poser', 'ce', 'question', 'effet', 'remettre', 'violence', 'délibérer', 'avoir', 'subir', 'part', 'policier', 'avoir', 'jeter', 'terre', 'directan', 'qag']","['ADJ', 'NOM', 'ADJ', 'VER:pper', 'VER:impe', 'VER:pper', 'VER:infi', 'PRO:DEM', 'NOM', 'NOM', 'VER:pres', 'NOM', 'VER:pper', 'VER:pres', 'VER:infi', 'NOM', 'ADJ', 'VER:pres', 'VER:pper', 'NOM', 'ADJ', 'NOM']",positive,0.0,0.25,0.16666666666666666,0.16666666666666666,0.0,0.0
"['question', 'gouvernement', 'liberté', 'parlementaire', 'suite', 'violences', 'contre', 'benedicttaurine', 'directan', 'qag']","['question', 'gouvernement', 'liberté', 'parlementaire', 'suite', 'violence', 'contre', 'benedicttaurine', 'directan', 'qag']","['NOM', 'NOM', 'NOM', 'ADJ', 'NOM', 'NOM', 'PRP', 'NOM', 'ADJ', 'NOM']",positive,0.0,0.3333333333333333,0.16666666666666666,0.3333333333333333,0.16666666666666666,0.0
"['si', 'aimez', 'animaux', 'voilà', 'voter', 'dimanche', 'prochain', 'simonnetdéputée', 'circo']","['si', 'aimer', 'animal', 'voilà', 'voter', 'dimanche', 'prochain', 'simonnetdéputée', 'circo']","['ADV', 'VER:pres', 'NOM', 'ADV', 'VER:infi', 'NOM', 'ADJ', 'VER:pper', 'NOM']",positive,0.0,0.25,0.25,0.25,0.25,0.25
"['rendez', 'mercredi', 'juin', 'h', 'paris', 'rue', 'clos', 'soutenir', 'simonnet', 'élection', 'législative', 'partielle', 'e', 'arrondissement', 'diffusez', 'info', 'partageant', 'tweet', 'invitant', 'amis', 'évènement', 'facebook']","['rendre', 'mercredi', 'juin', 'heure', 'pari', 'ruer', 'clore', 'soutenir', 'simonnet', 'élection', 'législatif', 'partiel', 'e', 'arrondissement', 'diffuser', 'info', 'partager', 'tweet', 'inviter', 'ami', 'événement', 'facebook']","['VER:pres', 'NOM', 'NOM', 'ABR', 'NOM', 'VER:pres', 'VER:pper', 'VER:infi', 'NOM', 'NOM', 'ADJ', 'ADJ', 'VER:impf', 'NOM', 'VER:pres', 'NOM', 'VER:ppre', 'NOM', 'VER:ppre', 'ADJ', 'NOM', 'ADJ']",positive,0.0,0.14285714285714285,0.14285714285714285,0.07142857142857142,0.2857142857142857,0.0
"['dis', 'estime', 'amitié', 'ericpiolle', 'certain', 'décision', 'concernant', 'fête', 'tuiles', 'bonne']","['dire', 'estimer', 'amitié', 'ericpiolle', 'certain', 'décision', 'concernant', 'fête', 'tuile', 'bon']","['VER:pres', 'VER:pres', 'NOM', 'NOM', 'PRO:IND', 'NOM', 'PRP', 'NOM', 'NOM', 'ADJ']",positive,0.0,0.0,0.2,0.0,0.2,0.0
"['passage', 'e', 'république', 'rétablissement', 'isf', 'retraite', 'ans', 'autour', 'aec_leprogramme', 'veux', 'rassembler', 'peuple', 'français']","['passage', 'e', 'république', 'rétablissement', 'isf', 'retrait', 'an', 'autour', 'aec_leprogramme', 'vouloir', 'rassembler', 'peuple', 'français']","['NOM', 'VER:futu', 'NOM', 'NOM', 'ADJ', 'ADJ', 'NOM', 'ADV', 'NOM', 'VER:pres', 'VER:infi', 'NOM', 'ADJ']",positive,0.14285714285714285,0.14285714285714285,0.14285714285714285,0.0,0.0,0.0
"['autre', 'monde', 'existe', 'là', 'partie', 'composé', 'gens', 'forcément', 'accord', 'moyens', 'partent', 'prémisse', 'êtres', 'humains', 'droit', 'existence', 'digne', 'but', 'société', 'garantir', 'droit', 'revuepleinemploi']","['autre', 'monde', 'exister', 'là', 'partir', 'composer', 'gens', 'forcément', 'accord', 'moyen', 'partir', 'prémisse', 'être|êtres', 'humain', 'droit', 'existence', 'digne', 'boire', 'société', 'garantir', 'droit', 'revuepleinemploi']","['ADJ', 'NOM', 'VER:pres', 'ADV', 'VER:pper', 'VER:pper', 'NOM', 'ADV', 'NOM', 'ADJ', 'VER:pres', 'NOM', 'NOM', 'ADJ', 'ADJ', 'NOM', 'ADJ', 'VER:simp', 'NOM', 'VER:infi', 'ADJ', 'NOM']",positive,0.0625,0.0,0.0,0.0,0.0,0.0
"['persuadé', 'convaincs', 'facilement', 'patron', 'intérêt', 'planification', 'écologique', 'propose', 'visibilité', 'débouché', 'garantis', 'certain', 'nombre', 'investissements', 'fait', 'difficilement', 'mieux', 'non', 'revuepleinemploi']","['persuader', 'convaincre', 'facilement', 'patron', 'intérêt', 'planification', 'écologique', 'proposer', 'visibilité', 'déboucher', 'garantir', 'certain', 'nombre', 'investissement', 'faire', 'difficilement', 'mieux', 'non', 'revuepleinemploi']","['VER:pper', 'VER:pres', 'ADV', 'NOM', 'NOM', 'NOM', 'ADJ', 'VER:pres', 'NOM', 'VER:pper', 'VER:pper', 'PRO:IND', 'NOM', 'NOM', 'VER:pres', 'ADV', 'ADV', 'ADV', 'NOM']",positive,0.08333333333333333,0.0,0.0,0.0,0.0,0.0
"['clemence_guette', 'raveaudgilles', 'richesflores', 'antoinepeillon', 'a', 'moments', 'peuvent', 'paraître', 'difficiles', 'quand', 'ça', 'a', 'dis', 'comme', 'camarade', 'francois_ruffin', 'fin', 'va', 'gagner', 'revuepleinemploi']","['clemence_guette', 'raveaudgilles', 'richesflores', 'antoinepeillon', 'avoir', 'moment', 'pouvoir', 'paraître', 'difficile', 'quand', 'cela', 'avoir', 'dire', 'comme', 'camarader', 'francois_ruffin', 'fin', 'aller', 'gagner', 'revuepleinemploi']","['NOM', 'NOM', 'ADJ', 'NOM', 'VER:pres', 'NOM', 'VER:pres', 'VER:infi', 'ADJ', 'KON', 'PRO:DEM', 'VER:pres', 'VER:pres', 'ADV', 'VER:pres', 'ADJ', 'NOM', 'VER:pres', 'VER:infi', 'NOM']",neutral,0.16666666666666666,0.16666666666666666,0.3333333333333333,0.0,0.0,0.16666666666666666
"['clemence_guette', 'raveaudgilles', 'richesflores', 'antoinepeillon', 'finalité', 'toute', 'activité', 'politique', 'droit', 'bonheur', 'subordonnons', 'tout', 'reste', 'peur', 'dire', 'continuerons', 'faire', 'revuepleinemploi']","['clemence_guette', 'raveaudgilles', 'richesflores', 'antoinepeillon', 'finalité', 'tout', 'activité', 'politique', 'droit', 'bonheur', 'subordonner', 'tout', 'rester', 'peur', 'dire', 'continuer', 'faire', 'revuepleinemploi']","['NOM', 'NOM', 'ADJ', 'ADJ', 'NOM', 'PRO:IND', 'NOM', 'ADJ', 'ADJ', 'NOM', 'VER:pres', 'PRO:IND', 'VER:pres', 'NOM', 'VER:infi', 'VER:futu', 'VER:infi', 'NOM']",positive,0.1,0.2,0.2,0.2,0.1,0.1
"['clemence_guette', 'raveaudgilles', 'richesflores', 'antoinepeillon', 'émission', 'permet', 'commencer', 'cure', 'désintoxication', 'rapport', 'doxa', 'libérale', 'partons', 'ici', 'besoins', 'humanité', 'mettre', 'économie', 'leurs', 'services', 'inverse', 'revuepleinemploi']","['clemence_guette', 'raveaudgilles', 'richesflores', 'antoinepeillon', 'émission', 'permettre', 'commencer', 'cure', 'désintoxication', 'rapport', 'doxa', 'libéral', 'partir', 'ici', 'besoin', 'humanité', 'mettre', 'économie', 'leur', 'service', 'inverse', 'revuepleinemploi']","['NOM', 'NOM', 'ADJ', 'NOM', 'NOM', 'VER:pres', 'VER:infi', 'NOM', 'NOM', 'NOM', 'NOM', 'ADJ', 'VER:pres', 'ADV', 'NOM', 'NOM', 'VER:infi', 'NOM', 'DET:POS', 'NOM', 'ADJ', 'NOM']",positive,0.0,0.0,0.0,0.0,0.0,0.1
"['question', 'posée', 'savoir', 'a', 'besoin', 'travail', 'car', 'a', 'millions', 'heures', 'faire', 'question', 'où', 'argent', 'comment', 'utiliser', 'utilement', 'choses', 'permettent', 'fonctionnement', 'général', 'économie', 'revuepleinemploi']","['question', 'poser', 'savoir', 'avoir', 'besoin', 'travail', 'car', 'avoir', 'million', 'heure', 'faire', 'question', 'où', 'argent', 'comment', 'utiliser', 'utilement', 'chose', 'permettre', 'fonctionnement', 'général', 'économie', 'revuepleinemploi']","['NOM', 'VER:pper', 'NOM', 'VER:pres', 'NOM', 'NOM', 'KON', 'VER:pres', 'NOM', 'NOM', 'VER:infi', 'NOM', 'PRO:REL', 'NOM', 'ADV', 'VER:infi', 'ADV', 'NOM', 'VER:pres', 'NOM', 'ADJ', 'NOM', 'NOM']",positive,0.0,0.07142857142857142,0.0,0.14285714285714285,0.14285714285714285,0.14285714285714285
"['clemence_guette', 'raveaudgilles', 'richesflores', 'antoinepeillon', 'dette', 'remporté', 'victoire', 'question', 'annulation', 'devenu', 'sujet', 'débat', 'public', 'revuepleinemploi']","['clemence_guette', 'raveaudgilles', 'richesflores', 'antoinepeillon', 'dette', 'remporter', 'victoire', 'question', 'annulation', 'devenir', 'sujet', 'débat', 'public', 'revuepleinemploi']","['NOM', 'NOM', 'ADJ', 'NOM', 'NOM', 'VER:pper', 'NOM', 'NOM', 'NOM', 'VER:pper', 'ADJ', 'NOM', 'ADJ', 'NOM']",neutral,0.0,0.16666666666666666,0.5,0.3333333333333333,0.16666666666666666,0.16666666666666666
"['clemence_guette', 'raveaudgilles', 'richesflores', 'antoinepeillon', 'gens', 'paniquent', 'dette', 'publique', 'normal', 'parce', 'fait', 'tout', 'faire', 'paniquer', 'faut', 'savoir', 'monde', 'entier', 'bat', 'prêter', 'france', 'dette', 'va', 'coûter', 'moins', 'moins', 'cher', 'avenir', 'raveaudgilles', 'revuepleinemploi']","['clemence_guette', 'raveaudgilles', 'richesflores', 'antoinepeillon', 'gens', 'paniquer', 'dette', 'publique', 'normal', 'parce', 'faire', 'tout', 'faire', 'paniquer', 'falloir', 'savoir', 'monde', 'entier', 'battre', 'prêter', 'france', 'dette', 'aller', 'coûter', 'moins', 'moins', 'cher', 'avenir', 'raveaudgilles', 'revuepleinemploi']","['NOM', 'NOM', 'ADJ', 'NOM', 'NOM', 'VER:pres', 'NOM', 'ADJ', 'ADJ', 'KON', 'VER:pres', 'ADV', 'VER:infi', 'VER:infi', 'VER:pres', 'VER:infi', 'NOM', 'ADJ', 'VER:pres', 'VER:infi', 'NOM', 'NOM', 'VER:pres', 'VER:infi', 'ADV', 'ADV', 'ADV', 'NOM', 'NOM', 'NOM']",positive,0.0,0.15,0.2,0.05,0.0,0.0
"['clemence_guette', 'raveaudgilles', 'richesflores', 'antoinepeillon', 'a', 'moyens', 'intellectuels', 'techniques', 'lutter', 'contre', 'fraude', 'évasion', 'fiscale', 'faut', 'donner', 'moyens', 'terme', 'financement', 'faire', 'richesflores', 'revuepleinemploi']","['clemence_guette', 'raveaudgilles', 'richesflores', 'antoinepeillon', 'avoir', 'moyen', 'intellectuel', 'technique', 'lutter', 'contre', 'fraude', 'évasion', 'fiscal', 'falloir', 'donner', 'moyen', 'terme', 'financement', 'faire', 'richesflores', 'revuepleinemploi']","['NOM', 'NOM', 'ADJ', 'NOM', 'VER:pres', 'ADJ', 'NOM', 'ADJ', 'VER:infi', 'PRP', 'NOM', 'NOM', 'ADJ', 'VER:pres', 'VER:infi', 'ADJ', 'NOM', 'NOM', 'VER:infi', 'ADJ', 'NOM']",positive,0.0,0.09090909090909091,0.09090909090909091,0.2727272727272727,0.0,0.0
"['clemence_guette', 'raveaudgilles', 'richesflores', 'antoinepeillon', 'corruption', 'joue', 'rôle', 'non', 'négligeable', 'pays', 'moment', 'venu', 'rembobinerons', 'film', 'vente', 'alstom', 'revuepleinemploi']","['clemence_guette', 'raveaudgilles', 'richesflores', 'antoinepeillon', 'corruption', 'jouer', 'rôle', 'non', 'négligeable', 'pays', 'moment', 'venu', 'rembobiner', 'film', 'vente', 'alstom', 'revuepleinemploi']","['NOM', 'NOM', 'ADJ', 'NOM', 'NOM', 'VER:pres', 'NOM', 'ADV', 'ADJ', 'NOM', 'NOM', 'ADJ', 'VER:futu', 'NOM', 'NOM', 'NOM', 'NOM']",positive,0.125,0.0,0.125,0.125,0.0,0.125
"['clemence_guette', 'raveaudgilles', 'richesflores', 'antoinepeillon', 'faut', 'réforme', 'très', 'dure', 'système', 'contrôle', 'fraude', 'évasion', 'fiscale', 'récupérer', 'argent', 'échappe', 'milliards', 'euros', 'an', 'antoinepeillon', 'revuepleinemploi']","['clemence_guette', 'raveaudgilles', 'richesflores', 'antoinepeillon', 'falloir', 'réforme', 'très', 'durer', 'système', 'contrôle', 'frauder', 'évasion', 'fiscal', 'récupérer', 'argent', 'échapper', 'milliard', 'euro', 'an', 'antoinepeillon', 'revuepleinemploi']","['NOM', 'NOM', 'ADJ', 'NOM', 'VER:pres', 'NOM', 'ADV', 'VER:subp', 'NOM', 'NOM', 'VER:pres', 'NOM', 'ADJ', 'VER:infi', 'NOM', 'VER:pres', 'NOM', 'NOM', 'NOM', 'NOM', 'NOM']",positive,0.1111111111111111,0.1111111111111111,0.0,0.3333333333333333,0.1111111111111111,0.1111111111111111
"['clemence_guette', 'raveaudgilles', 'richesflores', 'antoinepeillon', 'ceux', 'bénéficié', 'augmentation', 'leurs', 'revenus', 'mêmes', 'font', 'fraude', 'évasion', 'fiscale', 'argent', 'manque', 'pays', 'milliards', 'euros', 'non', 'déclarés', 'antoinepeillon', 'revuepleinemploi']","['clemence_guette', 'raveaudgilles', 'richesflores', 'antoinepeillon', 'celui', 'bénéficier', 'augmentation', 'leur', 'revenu', 'même', 'faire', 'fraude', 'évasion', 'fiscal', 'argent', 'manquer', 'pays', 'milliard', 'euro', 'non', 'déclarer', 'antoinepeillon', 'revuepleinemploi']","['NOM', 'NOM', 'ADJ', 'NOM', 'PRO:DEM', 'VER:pper', 'NOM', 'DET:POS', 'NOM', 'ADJ', 'VER:pres', 'NOM', 'NOM', 'ADJ', 'NOM', 'VER:pres', 'NOM', 'NOM', 'NOM', 'ADV', 'VER:pper', 'NOM', 'NOM']",positive,0.1,0.2,0.2,0.2,0.1,0.0
"['programme', 'propose', 'révolution', 'fiscale', 'redonnera', 'moyens', 'personnes', 'tranches', 'imposition', 'lieu', 'baisse', 'impôts', 'ceux', 'gagnent', 'moins', 'euros', 'mois', 'rétablissement', 'isf', 'faut', 'juste', 'contribution', 'chacun', 'revuepleinemploi']","['programme', 'proposer', 'révolution', 'fiscal', 'redonner', 'moyen', 'personne', 'trancher', 'imposition', 'lieu', 'baisser', 'impôt', 'celui', 'gagner', 'moins', 'euro', 'mois|moi', 'rétablissement', 'isf', 'falloir', 'juste', 'contribution', 'chacun', 'revuepleinemploi']","['NOM', 'VER:pres', 'NOM', 'ADJ', 'VER:futu', 'ADJ', 'NOM', 'VER:pres', 'NOM', 'NOM', 'VER:pres', 'NOM', 'PRO:DEM', 'VER:pres', 'ADV', 'NOM', 'NOM', 'NOM', 'ADJ', 'VER:pres', 'ADJ', 'NOM', 'PRO:IND', 'NOM']",positive,0.14285714285714285,0.21428571428571427,0.21428571428571427,0.07142857142857142,0.0,0.0
"['intelligence', 'artificielle', 'participera', 'soulagement', 'peine', 'travail', 'prendra', 'charge', 'certain', 'nombre', 'tâches', 'êtres', 'humains', 'feront', 'autres', 'puis', 'plus', 'rien', 'faire', 'beaucoup', 'moins', 'tant', 'mieux', 'revuepleinemploi']","['intelligence', 'artificiel', 'participer', 'soulagement', 'peiner', 'travail', 'prendre', 'charge', 'certain', 'nombre', 'tâcher', 'être|êtres', 'humain', 'faire', 'autre', 'puis', 'plus', 'rien', 'faire', 'beaucoup', 'moins', 'tant', 'mieux', 'revuepleinemploi']","['NOM', 'ADJ', 'VER:futu', 'NOM', 'VER:pres', 'NOM', 'VER:futu', 'NOM', 'PRO:IND', 'NOM', 'VER:pres', 'NOM', 'ADJ', 'VER:futu', 'ADJ', 'ADV', 'ADV', 'ADV', 'VER:infi', 'ADV', 'ADV', 'ADV', 'ADV', 'NOM']",positive,0.0,0.3076923076923077,0.07692307692307693,0.07692307692307693,0.23076923076923078,0.07692307692307693
"['aussi', 'participez', 'mouvement', 'révolution', 'citoyenne', 'téléchargeant', 'application', 'actionpopulaire', 'apple', 'store', 'android', 'revuepleinemploi']","['aussi', 'participer', 'mouvement', 'révolution', 'citoyen', 'téléchargeant', 'application', 'actionpopulaire', 'apple', 'store', 'android', 'revuepleinemploi']","['ADV', 'VER:pres', 'NOM', 'NOM', 'NOM', 'VER:ppre', 'NOM', 'ADJ', 'ADJ', 'NOM', 'ADJ', 'NOM']",positive,0.0,0.0,0.0,0.0,0.0,0.0
"['clemence_guette', 'raveaudgilles', 'richesflores', 'antoinepeillon', 'relocalisation', 'bon', 'sens', 'écologique', 'géopolitique', 'transporte', 'quantité', 'considérable', 'marchandises', 'mer', 'quand', 'canal', 'suez', 'bloqué', 'voit', 'résultat', 'revuepleinemploi']","['clemence_guette', 'raveaudgilles', 'richesflores', 'antoinepeillon', 'relocalisation', 'bon', 'sens|sen', 'écologique', 'géopolitique', 'transporter', 'quantité', 'considérable', 'marchandise', 'mer', 'quand', 'canal', 'suer', 'bloquer', 'voir', 'résultat', 'revuepleinemploi']","['NOM', 'NOM', 'ADJ', 'ADJ', 'NOM', 'ADJ', 'NOM', 'ADJ', 'ADJ', 'VER:pres', 'NOM', 'ADJ', 'NOM', 'NOM', 'KON', 'NOM', 'VER:pres', 'VER:pper', 'VER:pres', 'NOM', 'NOM']",positive,0.1,0.2,0.0,0.0,0.2,0.1
"['clemence_guette', 'raveaudgilles', 'richesflores', 'antoinepeillon', 'peur', 'utiliser', 'mot', 'protectionnisme', 'ferons', 'relocaliser', 'production', 'peut', 'trouver', 'compromis', 'sujet', 'donnant', 'visibilité', 'long', 'terme', 'investissement', 'revuepleinemploi']","['clemence_guette', 'raveaudgilles', 'richesflores', 'antoinepeillon', 'peur', 'utiliser', 'mot', 'protectionnisme', 'faire', 'relocaliser', 'production', 'pouvoir', 'trouver', 'compromettre', 'sujet', 'donner', 'visibilité', 'long', 'terme', 'investissement', 'revuepleinemploi']","['NOM', 'NOM', 'ADJ', 'NOM', 'NOM', 'VER:infi', 'NOM', 'NOM', 'VER:futu', 'VER:infi', 'NOM', 'VER:pres', 'VER:infi', 'VER:pper', 'ADJ', 'VER:ppre', 'NOM', 'ADJ', 'NOM', 'NOM', 'NOM']",positive,0.0,0.07692307692307693,0.15384615384615385,0.15384615384615385,0.07692307692307693,0.15384615384615385
"['clemence_guette', 'raveaudgilles', 'richesflores', 'antoinepeillon', 'thématique', 'écologique', 'a', 'longtemps', 'taboue', 'certains', 'syndicats', 'tendance', 'opposer', 'production', 'écologie', 'aujourd', 'hui', 'plus', 'cas', 'point', 'appui', 'considérable', 'antoinepeillon', 'revuepleinemploi']","['clemence_guette', 'raveaudgilles', 'richesflores', 'antoinepeillon', 'thématique', 'écologique', 'avoir', 'longtemps', 'tabouer', 'certain', 'syndicat', 'tendance', 'opposer', 'production', 'écologie', 'aujourd', 'hui', 'plus', 'cas', 'point', 'appui', 'considérable', 'antoinepeillon', 'revuepleinemploi']","['NOM', 'NOM', 'ADJ', 'NOM', 'ADJ', 'ADJ', 'VER:pres', 'ADV', 'VER:pres', 'PRO:IND', 'NOM', 'NOM', 'VER:infi', 'NOM', 'NOM', 'VER:pres', 'VER:pper', 'ADV', 'NOM', 'ADV', 'NOM', 'ADJ', 'NOM', 'NOM']",positive,0.14285714285714285,0.14285714285714285,0.2857142857142857,0.14285714285714285,0.0,0.14285714285714285
"['clemence_guette', 'raveaudgilles', 'richesflores', 'antoinepeillon', 'faut', 'rapatrier', 'france', 'système', 'productif', 'industriel', 'là', 'aussi', 'a', 'manne', 'emplois', 'formation', 'pays', 'richesflores', 'revuepleinemploi']","['clemence_guette', 'raveaudgilles', 'richesflores', 'antoinepeillon', 'falloir', 'rapatrier', 'france', 'système', 'productif', 'industriel', 'là', 'aussi', 'avoir', 'manne', 'emploi', 'formation', 'pays', 'richesflores', 'revuepleinemploi']","['NOM', 'NOM', 'ADJ', 'NOM', 'VER:pres', 'VER:infi', 'NOM', 'NOM', 'ADJ', 'ADJ', 'ADV', 'ADV', 'VER:pres', 'NOM', 'NOM', 'NOM', 'NOM', 'ADJ', 'NOM']",positive,0.3333333333333333,0.0,0.0,0.0,0.0,0.0
"['croyons', 'assez', 'travail', 'contraire', 'pensons', 'a', 'millions', 'heures', 'travail', 'faites', 'car', 'elles', 'financées', 'elles', 'existent', 'besoin', 'elles', 'accomplies', 'là', 'revuepleinemploi']","['croire', 'assez', 'travail', 'contraire', 'penser', 'avoir', 'million', 'heure', 'travail', 'faire', 'car', 'elle', 'financer', 'elle', 'exister', 'besoin', 'elle', 'accomplir', 'là', 'revuepleinemploi']","['VER:pres', 'ADV', 'NOM', 'ADJ', 'VER:pres', 'VER:pres', 'NOM', 'NOM', 'NOM', 'VER:pres', 'KON', 'PRO:PER', 'VER:pper', 'PRO:PER', 'VER:pres', 'NOM', 'PRO:PER', 'VER:pper', 'ADV', 'NOM']",positive,0.08333333333333333,0.08333333333333333,0.08333333333333333,0.08333333333333333,0.16666666666666666,0.0
"['clemence_guette', 'raveaudgilles', 'richesflores', 'antoinepeillon', 'pourrait', 'partager', 'pouvoir', 'entreprises', 'entre', 'patrons', 'salariés', 'question', 'démocratie', 'entreprise', 'doit', 'être', 'posée', 'raveaudgilles', 'revuepleinemploi']","['clemence_guette', 'raveaudgilles', 'richesflores', 'antoinepeillon', 'pouvoir', 'partager', 'pouvoir', 'entreprendre', 'entre', 'patron', 'salarier', 'question', 'démocratie', 'entreprendre', 'devoir', 'être', 'poser', 'raveaudgilles', 'revuepleinemploi']","['NOM', 'NOM', 'ADJ', 'NOM', 'VER:cond', 'VER:infi', 'VER:infi', 'VER:pper', 'PRP', 'NOM', 'VER:pper', 'NOM', 'NOM', 'VER:pper', 'VER:pres', 'VER:infi', 'VER:pper', 'NOM', 'NOM']",positive,0.0,0.0,0.0,0.0,0.0,0.2222222222222222
"['clemence_guette', 'raveaudgilles', 'richesflores', 'antoinepeillon', 'aujourd', 'hui', 'tout', 'juste', 'si', 'doit', 'excuser', 'certains', 'plateaux', 'quand', 'avance', 'arguments', 'parlent', 'humanité', 'avant', 'parler', 'économie', 'revuepleinemploi']","['clemence_guette', 'raveaudgilles', 'richesflores', 'antoinepeillon', 'aujourd', 'hui', 'tout', 'juste', 'si', 'devoir', 'excuser', 'certain', 'plateau', 'quand', 'avance', 'argument', 'parler', 'humanité', 'avant', 'parler', 'économie', 'revuepleinemploi']","['NOM', 'NOM', 'ADJ', 'NOM', 'ADJ', 'VER:pper', 'ADV', 'ADJ', 'KON', 'VER:pres', 'VER:infi', 'PRO:IND', 'NOM', 'KON', 'NOM', 'NOM', 'VER:pres', 'NOM', 'PRP', 'VER:infi', 'NOM', 'NOM']",positive,0.0,0.1,0.0,0.1,0.1,0.1
"['clemence_guette', 'raveaudgilles', 'richesflores', 'antoinepeillon', 'vais', 'parler', 'manière', 'brutale', 'celle', 'économiste', 'chômage', 'bêtise', 'économique', 'a', 'coût', 'important', 'matière', 'santé', 'publique', 'exemple', 'sortir', 'gens', 'chômage', 'doit', 'être', 'priorité', 'raveaudgilles', 'revuepleinemploi']","['clemence_guette', 'raveaudgilles', 'richesflores', 'antoinepeillon', 'aller', 'parler', 'manière', 'brutal', 'celui', 'économiste', 'chômage', 'bêtise', 'économique', 'avoir', 'coût', 'important', 'matière', 'santé', 'publique', 'exemple', 'sortir', 'gens', 'chômage', 'devoir', 'être', 'priorité', 'raveaudgilles', 'revuepleinemploi']","['NOM', 'NOM', 'ADJ', 'NOM', 'VER:pres', 'VER:infi', 'NOM', 'ADJ', 'PRO:DEM', 'NOM', 'NOM', 'NOM', 'ADJ', 'VER:pres', 'NOM', 'ADJ', 'NOM', 'NOM', 'ADJ', 'NOM', 'VER:infi', 'NOM', 'NOM', 'VER:pres', 'VER:infi', 'NOM', 'NOM', 'NOM']",positive,0.125,0.0625,0.0,0.25,0.0,0.25
"['clemence_guette', 'raveaudgilles', 'richesflores', 'antoinepeillon', 'garantie', 'emploi', 'augmentation', 'liberté', 'proposition', 'emploi', 'quelqu', 'chômage', 'financée', 'argent', 'public', 'permet', 'prendre', 'charge', 'tâche', 'utilité', 'publique', 'raveaudgilles', 'revuepleinemploi']","['clemence_guette', 'raveaudgilles', 'richesflores', 'antoinepeillon', 'garantir', 'emploi', 'augmentation', 'liberté', 'proposition', 'emploi', 'quelqu', 'chômage', 'financer', 'argent', 'public', 'permettre', 'prendre', 'charge', 'tâcher', 'utilité', 'publique', 'raveaudgilles', 'revuepleinemploi']","['NOM', 'NOM', 'ADJ', 'NOM', 'VER:pper', 'NOM', 'NOM', 'NOM', 'NOM', 'NOM', 'ADJ', 'NOM', 'VER:pper', 'NOM', 'ADJ', 'VER:pres', 'VER:infi', 'NOM', 'VER:pres', 'NOM', 'ADJ', 'NOM', 'NOM']",positive,0.0,0.14285714285714285,0.0,0.14285714285714285,0.2857142857142857,0.07142857142857142
"['clemence_guette', 'raveaudgilles', 'richesflores', 'antoinepeillon', 'disons', 'vient', 'nulle', 'part', 'emprunté', 'économistes', 'associatifs', 'intellectuels', 'cherché', 'mettre', 'ensemble', 'cohérence', 'programme', 'revuepleinemploi']","['clemence_guette', 'raveaudgilles', 'richesflores', 'antoinepeillon', 'dire', 'venir', 'nul', 'part', 'emprunter', 'économiste', 'associatif', 'intellectuel', 'chercher', 'mettre', 'ensemble', 'cohérence', 'programmer', 'revuepleinemploi']","['NOM', 'NOM', 'ADJ', 'NOM', 'VER:pres', 'VER:pres', 'ADJ', 'NOM', 'VER:pper', 'NOM', 'ADJ', 'ADJ', 'VER:pper', 'VER:infi', 'ADV', 'NOM', 'VER:pres', 'NOM']",positive,0.0,0.125,0.125,0.0,0.0,0.125
"['clemence_guette', 'raveaudgilles', 'richesflores', 'antoinepeillon', 'a', 'subversion', 'économie', 'finance', 'faut', 'remettre', 'choses', 'bon', 'sens', 'économie', 'service', 'humanité', 'non', 'inverse', 'antoinepeillon', 'revuepleinemploi']","['clemence_guette', 'raveaudgilles', 'richesflores', 'antoinepeillon', 'avoir', 'subversion', 'économie', 'finance', 'falloir', 'remettre', 'chose', 'bon', 'sens|sen', 'économie', 'service', 'humanité', 'non', 'inverse', 'antoinepeillon', 'revuepleinemploi']","['NOM', 'NOM', 'ADJ', 'NOM', 'VER:pres', 'NOM', 'NOM', 'NOM', 'VER:pres', 'VER:infi', 'NOM', 'ADJ', 'NOM', 'NOM', 'NOM', 'NOM', 'ADV', 'ADJ', 'NOM', 'NOM']",positive,0.0,0.2,0.0,0.2,0.1,0.3
"['clemence_guette', 'raveaudgilles', 'richesflores', 'humanité', 'service', 'économie', 'renversement', 'bon', 'sens', 'logique', 'inverse', 'doit', 'prévaloir', 'comme', 'dit', 'antoinepeillon', 'revuepleinemploi']","['clemence_guette', 'raveaudgilles', 'richesflores', 'humanité', 'service', 'économie', 'renversement', 'bon', 'sens|sen', 'logique', 'inverse', 'devoir', 'prévaloir', 'comme', 'dire', 'antoinepeillon', 'revuepleinemploi']","['NOM', 'NOM', 'ADJ', 'NOM', 'NOM', 'NOM', 'NOM', 'ADJ', 'NOM', 'ADJ', 'ADJ', 'VER:pres', 'VER:infi', 'ADV', 'VER:pper', 'NOM', 'NOM']",positive,0.0,0.1111111111111111,0.0,0.1111111111111111,0.1111111111111111,0.1111111111111111
"['clemence_guette', 'raveaudgilles', 'richesflores', 'garantie', 'emploi', 'permet', 'répondre', 'droit', 'fondamental', 'emploi', 'bonne', 'mesure', 'richesflores', 'revuepleinemploi']","['clemence_guette', 'raveaudgilles', 'richesflores', 'garantir', 'emploi', 'permettre', 'répondre', 'droit', 'fondamental', 'emploi', 'bon', 'mesure', 'richesflores', 'revuepleinemploi']","['NOM', 'NOM', 'ADJ', 'VER:pper', 'NOM', 'VER:pres', 'VER:infi', 'ADV', 'ADJ', 'NOM', 'ADJ', 'NOM', 'ADJ', 'NOM']",positive,0.0,0.0,0.0,0.0,0.1111111111111111,0.0
"['clemence_guette', 'raveaudgilles', 'faut', 'revenir', 'idée', 'peut', 'atteindre', 'plein', 'emploi', 'faire', 'transition', 'écologique', 'besoin', 'créer', 'nombreux', 'emplois', 'richesflores', 'revuepleinemploi']","['clemence_guette', 'raveaudgilles', 'falloir', 'revenir', 'idée', 'pouvoir', 'atteindre', 'plein', 'emploi', 'faire', 'transition', 'écologique', 'besoin', 'créer', 'nombreux', 'emploi', 'richesflores', 'revuepleinemploi']","['NOM', 'NOM', 'VER:pres', 'VER:infi', 'NOM', 'VER:pres', 'VER:infi', 'ADJ', 'NOM', 'VER:infi', 'NOM', 'ADJ', 'NOM', 'VER:infi', 'ADJ', 'NOM', 'ADJ', 'NOM']",positive,0.07692307692307693,0.0,0.07692307692307693,0.0,0.0,0.07692307692307693
"['clemence_guette', 'raveaudgilles', 'richesse', 'pays', 'permettrait', 'services', 'publics', 'fonctionnent', 'viser', 'progrès', 'bonne', 'chose', 'première', 'étape', 'arrêter', 'destruction', 'raveaudgilles', 'revuepleinemploi']","['clemence_guette', 'raveaudgilles', 'richesse', 'pays', 'permettre', 'service', 'public', 'fonctionner', 'viser', 'progrès', 'bon', 'chose', 'premier', 'étape', 'arrêter', 'destruction', 'raveaudgilles', 'revuepleinemploi']","['NOM', 'NOM', 'NOM', 'NOM', 'VER:cond', 'NOM', 'ADJ', 'VER:pres', 'VER:infi', 'NOM', 'ADJ', 'NOM', 'NUM', 'NOM', 'VER:infi', 'NOM', 'NOM', 'NOM']",positive,0.07142857142857142,0.21428571428571427,0.07142857142857142,0.14285714285714285,0.14285714285714285,0.07142857142857142
"['clemence_guette', 'raveaudgilles', 'questions', 'écologiques', 'règlent', 'point', 'vue', 'production', 'logique', 'inverse', 'libéraux', 'appellent', 'actes', 'individuels', 'raveaudgilles', 'revuepleinemploi']","['clemence_guette', 'raveaudgilles', 'question', 'écologique', 'régler', 'point', 'voir', 'production', 'logique', 'inverse', 'libéral', 'appeler', 'acte', 'individuel', 'raveaudgilles', 'revuepleinemploi']","['NOM', 'NOM', 'NOM', 'ADJ', 'VER:pres', 'ADV', 'VER:pper', 'NOM', 'ADJ', 'NOM', 'ADJ', 'VER:pres', 'NOM', 'ADJ', 'NOM', 'NOM']",positive,0.0,0.0,0.1111111111111111,0.0,0.0,0.0
"['clemence_guette', 'posez', 'question', 'centrale', 'modèle', 'français', 'question', 'temps', 'libre', 'libéraux', 'nom', 'liberté', 'réduisent', 'libertés', 'rendant', 'payants', 'services', 'publics', 'raveaudgilles', 'revuepleinemploi']","['clemence_guette', 'poser', 'question', 'central', 'modèle', 'français', 'question', 'temps', 'libre', 'libéral', 'nom', 'liberté', 'réduire', 'liberté', 'rendre', 'payant', 'service', 'public', 'raveaudgilles', 'revuepleinemploi']","['NOM', 'VER:pres', 'NOM', 'ADJ', 'NOM', 'ADJ', 'NOM', 'NOM', 'ADJ', 'ADJ', 'NOM', 'NOM', 'VER:pres', 'NOM', 'VER:ppre', 'ADJ', 'NOM', 'ADJ', 'NOM', 'NOM']",positive,0.08333333333333333,0.0,0.0,0.0,0.16666666666666666,0.0
"['clemence_guette', 'temps', 'propriété', 'collective', 'instant', 'soumis', 'temps', 'court', 'capital', 'définanciariser', 'rallonger', 'temps', 'investissements', 'pouvoir', 'analyser', 'efficacité', 'revuepleinemploi']","['clemence_guette', 'temps', 'propriété', 'collectif', 'instant', 'soumettre', 'temps', 'court', 'capital', 'définanciariser', 'rallonger', 'temps', 'investissement', 'pouvoir', 'analyser', 'efficacité', 'revuepleinemploi']","['NOM', 'NOM', 'NOM', 'ADJ', 'ADJ', 'VER:pper', 'NOM', 'ADV', 'ADJ', 'VER:infi', 'VER:infi', 'NOM', 'NOM', 'VER:infi', 'VER:infi', 'NOM', 'NOM']",positive,0.0,0.0,0.0,0.09090909090909091,0.0,0.09090909090909091
"['clemence_guette', 'voulons', 'mettre', 'place', 'garantie', 'emploi', 'revuepleinemploi']","['clemence_guette', 'vouloir', 'mettre', 'placer', 'garantir', 'emploi', 'revuepleinemploi']","['NOM', 'VER:pres', 'VER:infi', 'VER:pres', 'VER:pper', 'NOM', 'NOM']",positive,0.0,0.25,0.25,0.0,0.0,0.0
"['clemence_guette', 'france', 'e', 'territoire', 'maritime', 'monde', 'puissance', 'domaine', 'spatial', 'numérique', 'là', 'aussi', 'source', 'emplois', 'pays', 'revuepleinemploi']","['clemence_guette', 'france', 'e', 'territoire', 'maritime', 'monde', 'puissance', 'domaine', 'spatial', 'numérique', 'là', 'aussi', 'source', 'emploi', 'pays', 'revuepleinemploi']","['NOM', 'NOM', 'VER:subi', 'NOM', 'ADJ', 'ADJ', 'NOM', 'NOM', 'ADJ', 'ADJ', 'ADV', 'ADV', 'NOM', 'NOM', 'NOM', 'NOM']",positive,0.0,0.0,0.0,0.0,0.0,0.0
